Object;Prompt;ChatGPT;GraspType;Grasp
Acorn;Please concisely describe the most common physical attributes of an acorn and its typical uses.;An acorn is a small, hard-shelled nut with a pointed top and flattish bottom. It can vary in size, shape, and color depending on the species. Acorns are generally harvested and eaten by wildlife, but can also be utilized for human consumption in various forms, such as flour or roasted snacks. Additionally, they serve as a source for producing tannins used in leather tanning and ink production.;Precision;2
Apple;Please concisely describe the most common physical attributes of an apple and its typical uses.;The most common physical attributes of an apple include a round shape, a red or green color, a smooth and shiny skin, and a crisp and juicy texture. Apples are commonly used for eating raw or cooked in various dishes, as well as for making juice and cider. They are also used in baking, such as in pies and cakes.;Power;1
Apricot;Please concisely describe the most common physical attributes of an apricot and its typical uses.;An apricot is a small, round fruit with a fuzzy exterior. It has a golden-orange color and a soft, juicy interior. Apricots are commonly used in baking, as a topping for yogurt or cereal, and in jams and preserves.;Power;1
Avocado;Please concisely describe the most common physical attributes of an avocado and its typical uses.;An avocado is a pear-shaped fruit with green, bumpy skin and contains a large, light green pit. The flesh is high in healthy fats, creamy and buttery with a mild, nutty flavor. It is commonly used in salads, dips, spreads, and as a substitute for mayonnaise or butter in recipes.;Power;1
Ballpoint pen;Please concisely describe the most common physical attributes of a ballpoint pen and its typical uses.;A ballpoint pen typically has a cylindrical shape with a retractable ballpoint tip. It is commonly made from plastic or metal with a clip for attaching to a pocket or notebook. It uses ink that is dispensed through a small ball in the tip, allowing for smooth writing on various surfaces. Ballpoint pens are used for writing, note-taking, signing documents, and many other tasks that require a reliable writing instrument.;Precision;3
Banana;Please concisely describe the most common physical attributes of a banana and its typical uses.;A banana typically has a curved yellow skin and a soft, sweet fruit inside. It can be eaten fresh or used in cooking and baking. Bananas are a good source of fiber, vitamins, and minerals, and are known for their potassium content which may help regulate blood pressure.;Power;1
Banknote;Please concisely describe the most common physical attributes of a banknote and its typical uses.;The most common physical attributes of a banknote include its size, color, material, design, watermark, security thread, and serial number. Banknotes are used as a form of currency to facilitate transactions and as a store of value. They are accepted as legal tender in many countries and can be used for purchases, payments, and savings.;Power;0
Barrette;Please concisely describe the most common physical attributes of a barrette and its typical uses.;A barrette is a small hair accessory that is typically made of metal, plastic, or other materials and used to hold hair in place. It usually has a clasp or clip on one end that can be fastened onto the hair. Barrettes come in various shapes, sizes, and designs and can be used for functional or decorative purposes. The most common physical attributes of a barrette include a flat surface for holding hair, a clasp or clip for attaching to hair, and a decorative or embellished surface for style.;Precision;2
Battery;Please concisely describe the most common physical attributes of a battery and its typical uses.;The most common physical attributes of a battery are its size and shape, voltage capacity, and chemistry. Batteries are used to power various electrical devices such as smartphones, laptops, toys, and household appliances. They are also used in transportation vehicles, backup power supplies, and renewable energy systems.;Precision;2
Bead;Please concisely describe the most common physical attributes of a bead and its typical uses.;A bead is a small, round object typically made of various materials such as glass, metal, or plastic. Beads often have a hole through the center and can be used in various ways, such as for jewelry-making, embroidery, or as decorative accents. They come in a wide variety of shapes, sizes, colors, and patterns. Some beads may have a smooth surface, while others may be textured, faceted, or have engraved designs. The physical attributes of a bead depend on its material and intended use.;Precision;2
Beer bottle;Please concisely describe the most common physical attributes of a beer bottle and its typical uses.;Beer bottles are typically made of glass and have a tapered neck and a narrow opening. They come in various sizes, with 12-ounce bottles being the most common. Beer bottles are primarily used to hold and store beer, typically for retail sales in liquor stores or servings in bars and restaurants. They also provide a means for consumers to transport and enjoy beer at home or on-the-go.;Power;1
Billiard ball;Please concisely describe the most common physical attributes of a billiard ball and its typical uses.;The most common physical attributes of a billiard ball are its size, weight, and spherical shape. It is typically 2.25 inches in diameter and weighs 5.5 ounces. Billiard balls are made of materials such as phenolic resin, polyester, or ivory. They are used in various games of billiards, such as pool, snooker, and carom.;Precision;2
Book;Please concisely describe the most common physical attributes of a book and its typical uses.;The most common physical attributes of a book are its pages bound together by a cover. It typically has a title, author, and publisher information on the cover or spine. The pages may contain text, images, or both. The book can be used for entertainment, education, reference, or as a source of information.;Power;0
Bookmark;Please concisely describe the most common physical attributes of a bookmark and its typical uses.;A bookmark is a thin, rectangular piece of paper or card, often with decorative designs or images, used to mark a reader's place in a book or other printed materials. It is commonly sized to fit into a book without protruding, and can be easily removed and placed back in its designated spot. Its primary purpose is to make it easier for the reader to pick up where they left off in their reading, without the need to search for the last page they were on or risk losing it altogether.;Power;0
Bottle;Please concisely describe the most common physical attributes of a bottle and its typical uses.;The most common physical attributes of a bottle are a cylindrical, elongated shape with a neck and a narrow opening, made of glass or plastic materials. Bottles are used to store and transport liquids, such as water, beverages, medicines, and cleaning products. They can also be used for decorative purposes or as a container for homemade products, such as perfumes or oils.;Power;1
Bowl;Please concisely describe the most common physical attributes of a bowl and its typical uses.;A bowl is a round or curved container with a flat base and open top. It can be made of various materials such as ceramic, glass, metal or plastic. Bowls are commonly used for holding and serving food, and can range in size from small to large. They are also used for mixing ingredients during food preparation, as well as for decorative purposes such as holding flowers or potpourri. The most common physical attributes of a bowl include its size, shape, material, and depth.;Power;0
Box;Please concisely describe the most common physical attributes of a box and its typical uses.;A box is typically a rectangular container with straight sides and a lid or flaps, made of cardboard, plastic, or wood. It is used for storage, shipping, and packaging. The most common physical attributes of a box include its size, shape, material, and durability.;Power;0
Bun;Please concisely describe the most common physical attributes of a bun and its typical uses.;The most common physical attributes of a bun are a round shaped head, long ears, short fur, and a small tail. Buns are commonly kept as pets, used in research, and consumed as food.;Precision;2
Candle;Please concisely describe the most common physical attributes of a candle and its typical uses.;A candle is a cylindrical piece of wax with a wick in the center. It typically measures a few inches in height and has a diameter of around one inch. Once lit, it produces a flame that emits light and heat. It is often used for illumination or creating ambiance in a room, as well as for ceremonial or religious purposes.;Power;1
Chalice;Please concisely describe the most common physical attributes of a chalice and its typical uses.;A chalice is typically a goblet-shaped vessel made of metal, glass, or ceramic material. It usually has a stem and a base, and a bowl-like shape at the top which is often ornately decorated. Chalices are commonly used in religious ceremonies such as communion, where they are filled with wine or other sacred beverages. They can also be used for non-religious occasions such as weddings or special events.;Power;1
Chalk;Please concisely describe the most common physical attributes of chalk and its typical uses.;Chalk is a soft, white sedimentary rock made up of tiny marine organisms, primarily made up of calcium carbonate. It is commonly used in classrooms as a writing tool, as well as in sports such as gymnastics and weightlifting to improve grip and reduce slipping. Chalk is also used in construction for making mortar and as a building material. Its physical attributes include low hardness, a powdery texture, a white color, and a tendency to crumble easily.;Precision;3
Chess piece;Please concisely describe the most common physical attributes of a chess piece and its typical uses.;A chess piece usually has a rounded top, a wide base, and a slender middle. It is commonly made of wood or plastic. The pieces differ in their shape and size and are used to move across the board in different ways, based on their type. The most common pieces are the pawn, rook, knight, bishop, queen, and king, with each having their respective abilities and roles in the game.;Precision;2
Chestnut;Please concisely describe the most common physical attributes of a chestnut and its typical uses.;The most common physical attributes of a chestnut include a hard, shiny exterior shell, a smooth, easily peelable inner skin, and a sweet, nutty flavor. Chestnuts are typically roasted or boiled and used in various dishes such as stuffing, soups, and desserts. They can also be ground into flour or pureed for use in baking. Additionally, chestnuts are a common ingredient in many Eastern European and Mediterranean cuisines.;Precision;2
Chocolate bar;Please concisely describe the most common physical attributes of a chocolate bar and its typical uses.;A chocolate bar is typically rectangular in shape, with a smooth surface and a glossy appearance. It is made up of cocoa solids, cocoa butter, sugar, milk powder, and other flavorings. Chocolate bars come in various sizes and shapes, and they are commonly used for snacking, baking, or as a gift.;Power;0
Cigarette;Please concisely describe the most common physical attributes of a cigarette and its typical uses.;A cigarette typically measures 70mm-120 mm in length and 6-8 mm in diameter. It contains finely cut tobacco rolled in thin paper with a filter on one end. The typical use of a cigarette is to inhale the smoke produced by lighting the tobacco and inhaling the smoke through the filter end.;Precision;3
Clementine;Please concisely describe the most common physical attributes of a clementine and its typical uses.;Clementines are small, round citrus fruits with a thin, smooth, and shiny orange peel that is easy to peel and separate into segments. They have a juicy, sweet, and slightly acidic pulp that is seedless. They are commonly used as a snack, juiced, or added to salads, desserts, and baked goods.;Power;1
Coin;Please concisely describe the most common physical attributes of a coin and its typical uses.;The most common physical attributes of a coin are its circular shape, flat surfaces, and ridged edges. Coins are typically made of metal and come in various sizes and denominations. They are used as a medium of exchange, representing a certain value agreed upon by a society. Coins can also be used as a collector's item, for religious or cultural purposes, or as an investment.;Power;0
Comb;Please concisely describe the most common physical attributes of a comb and its typical uses.;A comb is a small, handheld tool typically made of plastic, metal, or wood and is characterized by a series of evenly spaced teeth or ridges used for grooming, styling, and untangling hair. It is commonly used to detangle knotted hair, create hairstyle, and remove lice or other debris from the hair. Combs are often used in hair salons and at home as part of daily grooming routines.;Power;0
Compact disk;Please concisely describe the most common physical attributes of a compact disk and its typical uses.;A compact disk (CD) is a flat, circular, plastic disc measuring 12 cm in diameter and approximately 1.2 mm in thickness. It has a shiny, reflective surface that reflects light to encode digital information in a spiral track of bumps and flats. The CD is typically used to store and play audio, software, and data files, and is compatible with most computers, CD players, and gaming consoles.;Power;0
Credit card;Please concisely describe the most common physical attributes of a credit card and its typical uses.;The most common physical attributes of a credit card include a plastic material, embossed or printed cardholder information, a magnetic stripe or chip for processing transactions, and a unique card number. Its typical uses include making purchases, borrowing money, building credit history, and gaining rewards or cashback.;Power;0
Cucumber;Please concisely describe the most common physical attributes of a cucumber and its typical uses.;A cucumber is a long, cylindrical vegetable with smooth, dark green skin and a mild, refreshing taste. It is commonly used in salads, sandwiches, and as a garnish in drinks, and is high in vitamin C and potassium.;Power;1
Cup;Please concisely describe the most common physical attributes of a cup and its typical uses.;A cup is a container with a handle, a round opening at the top, and a cylindrical or conical shape. It is commonly used for drinking beverages such as water, tea, coffee, and soda. The size, shape, and material of the cup may vary, but it typically holds around 8-12 ounces of liquid and is made of glass, ceramic, plastic, or metal.;Power;1
Dice;Please concisely describe the most common physical attributes of a dice and its typical uses.;A die is a small, cube-shaped object typically made of plastic or metal. It has rounded edges and six sides, each with a number of dots or pips ranging from 1 to 6. A die is commonly used in games of chance, such as craps, Yahtzee, and board games, to generate a random number.;Precision;2
Donut;Please concisely describe the most common physical attributes of a donut and its typical uses.;A typical donut has a circular shape with a hole in the center and a fluffy texture. It is often coated with sugar or glaze and may have various toppings. Donuts are a popular breakfast food or snack and are commonly paired with coffee.;Power;0
Earring;Please concisely describe the most common physical attributes of an earring and its typical uses.;An earring typically consists of a small piece of jewelry that is inserted into the earlobe or another part of the ear. They are often made of metal, such as gold or silver, and may include gemstones or other decorative elements. Earrings are commonly worn as a fashion accessory, to express individual style and enhance one's appearance. They can also hold cultural or personal significance, such as being a symbol of religious affiliation or marking a milestone event.;Precision;2
Egg;Please concisely describe the most common physical attributes of an egg and its typical uses.;Egg is typically oval-shaped with a hard shell that protects the yolk and the white. The yolk is round and yellow, while the white is a clear and viscous substance. Eggs are used in various recipes like scrambled eggs, omelets, cakes, and custards;Precision;2
Envelope;Please concisely describe the most common physical attributes of an envelope and its typical uses.;An envelope is typically rectangular in shape, made of paper or other materials, and has a flap that can be sealed. It is used to enclose letters, documents, and other flat items for mailing or storage. Envelopes often have a standard size to accommodate standard-sized papers, such as A4 or 8.5 x 11 inches. They may also have a return address and postage markings for sending through postal services.;Power;0
Flashlight;Please concisely describe the most common physical attributes of a flashlight and its typical uses.;A flashlight typically has a cylindrical body with a LED bulb, a button to turn it on and off, and a battery compartment. Its common uses are providing portable and powerful illumination in dark or low-light environments, such as camping, hiking, power outages, and emergency situations.;Power;1
Flask;Please concisely describe the most common physical attributes of a flask and its typical uses.;The most common physical attributes of a flask are a small, flat, and curved design with a screw-top lid and a capacity of 4 to 8 ounces. It is typically made of stainless steel or metal with a glass or leather covering. The flask is commonly used for carrying and consuming alcohol discreetly in public places.;Power;1
Fork;Please concisely describe the most common physical attributes of a fork and its typical uses.;A fork is a utensil typically made of metal with slender prongs that curve inward and a handle for grasping. Its most common use is for eating and transferring food from a plate to one's mouth. The prongs allow for ease in picking up small pieces of food and can also be used for breaking up larger items. Additionally, forks can be used for cooking and serving food, and in some cases, as a tool for eating certain types of seafood.;Precision;3
Fountain pen;Please concisely describe the most common physical attributes of a fountain pen and its typical uses.;A fountain pen typically has a pointed nib and a refillable ink reservoir. It is often made of metal or plastic, with a cylindrical barrel and a cap. Fountain pens are commonly used for writing, drawing, calligraphy, and journaling. They offer a smooth writing experience and can create a variety of line widths and effects.;Precision;3
Frisbee;Please concisely describe the most common physical attributes of a frisbee and its typical uses.;A frisbee pen typically has a round, flat body with a curved edge, and is made of plastic material. It is designed for throwing and catching like a frisbee, and usually used for recreational purposes such as games and exercise.;Power;0
Gel pen;Please concisely describe the most common physical attributes of a gel pen and its typical uses.;A gel pen typically has a plastic barrel with a rubber grip, and uses water-based ink that flows smoothly onto paper. It is commonly used for writing, drawing, and coloring due to its vibrant and opaque pigments.;Precision;3
Glasses;Please concisely describe the most common physical attributes of glasses and their typical uses.;Glasses are an optical device consisting of a pair of lenses mounted in a frame, typically made of plastic or metal. They are worn on the face to correct refractive errors in vision, such as nearsightedness, farsightedness, and astigmatism. The lenses can be made from different materials, including glass, plastic, and polycarbonate, and can be coated to protect against glare, scratches, and UV radiation. Glasses can be prescribed by an optometrist or ophthalmologist, and are commonly used for reading, driving, and other everyday activities.;Precision;2
Glue stick;Please concisely describe the most common physical attributes of a glue stick and its typical uses.;A glue stick is a cylindrical object made of plastic with a twist-up mechanism that contains a solid, semi-transparent adhesive substance. It is typically used for attaching paper, cardboard, and lightweight materials together. The adhesive in a glue stick is non-toxic and can be easily applied without making a mess, making it a popular choice for both home and office use.;Power;1
Golf ball;Please concisely describe the most common physical attributes of a golf ball and its typical uses.;A golf ball is a small, spherical object typically made from rubber and plastic materials with a diameter of 1.68 inches and a weight of 1.62 ounces. It has dimples on its surface to reduce air resistance and increase flight distance. Golf balls are used in the sport of golf and are designed to be hit with golf clubs to travel long distances and reach specific targets on a golf course.;Precision;2
Hairbrush;Please concisely describe the most common physical attributes of a hairbrush and its typical uses.;A hairbrush typically has a handle and a flat, rectangular head with bristles made of plastic, nylon, or natural materials like boar's hair. It is commonly used for detangling, smoothing, and shaping hair, as well as distributing natural oils and styling products.;Power;0
Hammer;Please concisely describe the most common physical attributes of a hammer and its typical uses.;A hammer is a handheld tool that typically consists of a weighted head attached to a handle. The head may be made of steel, wood, or other materials and is designed to strike objects for various purposes such as driving nails into wood or breaking concrete. The handle can vary in length and may be made of materials such as wood, plastic, or rubber to provide a comfortable grip for the user. Hammers are used in a wide range of applications ranging from construction and carpentry to metalworking and demolition work.;Power;1
Handfan;Please concisely describe the most common physical attributes of a handfan and its typical uses.;A handfan consists of a handheld, often flat or folded, object made of lightweight materials such as paper, fabric or plastic. It is typically used to create a flow of air to cool off during warm or hot temperatures. It can also be used for decorative purposes or as a traditional accessory in certain cultures.;Power;0
Jar;Please concisely describe the most common physical attributes of a jar and its typical uses.;A jar is a cylindrical-shaped container with a narrow neck and typically made out of glass or ceramic materials. It has a lid or a cap to seal the contents inside. Jars can vary in size and shape, but they are often used for storing and preserving food items such as jams, pickles, and sauces. They can also be used for storing non-food items such as candles, toiletries, and crafts;Power;1
Jug;Please concisely describe the most common physical attributes of a jug and its typical uses.;A jug is a tall container with a narrow neck and a handle for pouring liquid. It is typically made of ceramic, glass, or plastic. Jugs are commonly used for storing and serving beverages such as water, juice, milk, and wine. Some jugs also have measurement markings for precise pouring and ingredient mixing.;Power;1
Key;Please concisely describe the most common physical attributes of a key and its typical uses.;A key is a small metal object typically made of steel or brass, with a series of ridges or bumps cut into its flat edge. It is used to operate a locking mechanism by turning and pushing the ridges or bumps into the lock's internal pins or tumblers.;Power;0
Kiwifruit;Please concisely describe the most common physical attributes of a kiwifruit and its typical uses.;The most common physical attributes of a kiwifruit are a brown, fuzzy exterior with bright green flesh inside, small black seeds, and a slightly tart taste. It is typically used in salads, desserts, smoothies, and as a snack.;Precision;2
Knife;Please concisely describe the most common physical attributes of a knife and its typical uses.;A knife typically has a sharp blade made of metal and a handle made of a hard material like wood or plastic. The blade is used for cutting, slicing, and chopping meat, vegetables, and other food items. It can also be used for cutting through rope, cardboard, and other materials. The handle provides a comfortable grip for safe and precise cutting.;Precision;3
Ladle;Please concisely describe the most common physical attributes of a ladle and its typical uses.;A ladle is a long-handled spoon-shaped utensil used for scooping and serving liquids, sauce and soups. Typically made of metal or plastic, a ladle has a deep bowl or cup-like shape, with a long handle to allow easy access to deep containers. The bowl is designed to hold a specific amount of liquid and is often rounded, with a spout on one end to pour liquids without making a mess. Some ladles also have a curved lip on the front, which helps to hold the liquid inside the bowl without spilling. Common uses for a ladle include serving stews, soups, sauces, boiled vegetables, and even drinks such as punch or hot cider.;Precision;3
Lemon;Please concisely describe the most common physical attributes of a lemon and its typical uses.;Lemons are small, oval-shaped citrus fruit with a yellow outer skin and acidic flesh. They are commonly used for cooking, seasoning, and as a primary ingredient in beverages such as lemonade.;Power;1
Lollipop;Please concisely describe the most common physical attributes of a lollipop and its typical uses.;A lollipop is a small, round candy on a stick. It typically has a hard, smooth surface and comes in a variety of colors and flavors. The stick is used to hold the candy while it is being eaten. Lollipops are often given as treats or as party favors and can be found in many stores and candy shops.;Precision;3
Marble;Please concisely describe the most common physical attributes of a marble and its typical uses.;The most common physical attributes of marble are its smooth, polished surface and distinctive veining patterns. It is a metamorphic rock composed mainly of calcium carbonate, which gives it a bright white color, but it can also have shades of gray, beige, pink, or green. Marble is commonly used in architecture and sculpture due to its elegant appearance and durability. It is often used as flooring, countertops, decorative accents, and for statues and other artistic works.;Precision;2
Marker pen;Please concisely describe the most common physical attributes of a marker pen and its typical uses.;A marker pen typically has a cylindrical body made of plastic, a felt or porous tip at one end, and a cap to protect the tip when not in use. It is commonly used for writing or drawing on surfaces such as paper, cardboard, and whiteboards. The ink in a marker pen is usually quick-drying, water-resistant, and fade-resistant. It comes in a variety of colors and can be used for labeling, highlighting, outlining, and creating art.;Precision;3
Mobile phone;Please concisely describe the most common physical attributes of a mobile phone and its typical uses.;The most common physical attributes of a mobile phone include a touch screen display, camera, microphone, speaker, battery, and various ports for charging and data transfer. Typical uses include making and receiving calls, sending and receiving text messages, browsing the internet, taking photos and videos, using social media and other apps, and accessing email. Many mobile phones also have GPS capabilities for navigation and Bluetooth for wireless connectivity.;Power;0
Mousepad;Please concisely describe the most common physical attributes of a mousepad and its typical uses.;A mousepad is typically a flat surface made of rubber, foam, or fabric that provides a smooth and uniform surface for a computer mouse to move on. It may have a textured or patterned surface for improved tracking and may come in various sizes and shapes. Its typical uses include enhancing precision and accuracy while using a mouse, reducing wear and tear on the mouse, and protecting the underlying surface from scratches and damage.;Power;0
Mug;Please concisely describe the most common physical attributes of a mug and its typical uses.;A mug is typically a cylindrical vessel with a handle, designed for holding hot or cold beverages. It is usually made of ceramic or porcelain, but can also be made of glass, metal, or plastic. Mugs are often decorated with designs, patterns, or logos, and range in size from small espresso cups to large soup mugs. They are commonly used for drinking coffee, tea, hot chocolate, and other warm beverages, as well as for soup or other liquids.;Power;1
Newspaper;Please concisely describe the most common physical attributes of the newspaper and its typical uses.;The most common physical attributes of newspapers are large sheets of paper printed with ink, folded into smaller sections, making it an easy and portable format for reading news. Typically used for daily consumption of current events, trends, and opinions.;Power;0
Notepad;Please concisely describe the most common physical attributes of a notepad and its typical uses.;A notepad typically has a rectangular shape, bound together at the top, with pages made of paper or card stock. It is commonly used for note-taking, writing, drawing, and list-making.;Power;0
Onion;Please concisely describe the most common physical attributes of an onion and its typical uses.;Onions have a round, bulbous shape and papery, layered skin. They are typically white, yellow, or red in color, and have a pungent, slightly sweet taste. Onions are often used in cooking to add flavor to dishes such as soups, stews, and stir-fries. They can also be sliced thin and used raw in salads or on sandwiches.;Power;1
Paintbrush;Please concisely describe the most common physical attributes of a paintbrush and its typical uses.;A paintbrush typically consists of a long, slender handle and a bristle or synthetic fiber tip. The tip can range in size from very small to very large and can be round, flat, or angled. The bristles may be natural or synthetic, and the type and quality of bristles will affect the way the brush holds and distributes paint. Brushes with smaller tips are commonly used for detailed work, such as painting fine lines and small areas, while larger brushes are used for broader strokes and covering larger areas. Brushes with angled tips are useful for creating precision lines and angles, while flat brushes are used for more even coverage. Overall, a paintbrush is a versatile tool that can be used in a wide range of applications, including painting walls, furniture, and artwork.;Precision;3
Pan;Please concisely describe the most common physical attributes of a pan and its typical uses.;A pan is a flat-bottomed cooking vessel with straight sides and a handle. It is typically made of metal (such as stainless steel or aluminum) or cast iron and can come in a variety of sizes. The most common pan sizes are 8, 10, and 12 inches in diameter. Pans are used for cooking a wide range of foods, including frying eggs, sautéing vegetables, searing meat, and making sauces. They can be used on both gas and electric stovetops, as well as in the oven. Pans with non-stick coatings are popular for cooking delicate foods that can easily stick to the bottom of the pan.;Power;0
Peach;Please concisely describe the most common physical attributes of a peach and its typical uses.;A peach is a round fruit with a fuzzy, velvety skin that can range in color from yellow to pink to reddish-orange. The flesh inside is juicy, sweet, and usually yellow or orange. Peaches are commonly eaten fresh, but also used in desserts, jams, and other culinary applications.;Power;1
Pear;Please concisely describe the most common physical attributes of a pear and its typical uses.;A pear is a fruit with a rounded bottom and a narrower top, a sweet, juicy, grainy-textured flesh, and a thin, edible skin. They are often eaten fresh, but can also be used in cooking, baking, and making jams, jellies, and juices.;Power;1
Pencil;Please concisely describe the most common physical attributes of a pencil and its typical uses.;A pencil is a cylindrical writing instrument typically made of wood and filled with graphite or charcoal. It is characterized by a pointed tip and a flat eraser on the opposite end. Pencils are often used for writing, drawing, sketching, and marking. They are lightweight, portable, and widely available in various lead grades for different levels of softness or hardness.;Precision;3
Pill;Please concisely describe the most common physical attributes of a pill and its typical uses.;Pills are small, solid, cylindrical or oval-shaped objects that are typically coated in a smooth outer layer. They are used to administer medication orally and are available in a variety of sizes and colors. Pills are commonly used to treat a wide range of conditions, from pain and fever to hypertension and depression.;Precision;2
Pliers;Please concisely describe the most common physical attributes of pliers and their typical uses.;The most common physical attributes of pliers include a pair of metallic jaws that can be opened and closed by a pivot joint. Pliers may have flat, rounded, or serrated jaws depending on their intended use. The handles of pliers can be insulated with rubber or plastic to provide a better grip and prevent electrical shock. Pliers are commonly used for gripping, cutting, bending, and twisting objects such as wires, nails, bolts, and pipes.;Power;1
Plate;Please concisely describe the most common physical attributes of a plate and its typical uses.;A plate is a flat, circular or oval-shaped object made of ceramic, glass, or metal that is typically used to serve food. It usually has a raised rim to prevent food from spilling over the edge. Plates can vary in size from small appetizer plates to large dinner plates. They come in a variety of colors, patterns, and designs, and can be used for everyday dining or for special occasions.;Power;0
Playing card;Please concisely describe the most common physical attributes of a playing card and its typical uses.;A playing card typically has a rectangular shape, measures 2.5 x 3.5 inches, and are uniformly coated and printed on a paperboard stock. They have a distinctive face and back design, with suits and ranks used to indicate the card's value. Playing cards are commonly used in a variety of games, such as poker, blackjack, and bridge.;Power;0
Potato;Please concisely describe the most common physical attributes of a potato and its typical uses.;The most common physical attributes of a potato include a round or oval shape, brown or red skin, and white or yellow flesh. Potatoes are typically used for cooking in a variety of dishes such as mashed potatoes, French fries, and potato salad. They are also used in snacks such as chips and crackers.;Power;1
Potato chip;Please concisely describe the most common physical attributes of a potato chip and its typical uses.;A potato chip is a thin, crispy slice of potato that is most commonly fried or baked. It typically has a slightly curved shape with a smooth, golden surface and a crunchy texture. Potato chips are commonly used as a snack, frequently served with dips or toppings, and they can also be used as a side dish or garnish for some meals.;Power;0
Quill;Please concisely describe the most common physical attributes of a quill and its typical uses.;A quill typically has a hollow shaft made of feather or reed, with a sharpened tip and a slit at the end to hold ink. They are commonly used for calligraphy, writing, and drawing.;Precision;3
Remote control;Please concisely describe the most common physical attributes of a remote control and its typical uses.;The most common physical attributes of a remote control include a rectangular shape, buttons for controlling functions, and an infrared transmitter. Its typical uses include controlling electronics such as TVs, cable boxes, and DVD players, as well as home automation systems.;Power;0
Rubik's cube;Please concisely describe the most common physical attributes of a Rubik's cube and its typical uses.;A Rubik's cube is a cube-shaped puzzle with six faces, each divided into nine small squares of different colors. The most common size is 3x3, with dimensions of 5.7cm x 5.7cm x 5.7cm. It is typically used as a mind game for improving problem-solving skills or as a stress reliever.;Power;1
Scalpel;Please concisely describe the most common physical attributes of a scalpel and its typical uses.;A scalpel is a small, sharp surgical knife with a handle made of either metal or plastic. It is usually disposable, meaning it can be thrown away after a single use to avoid the spread of infection. The blade is typically made of stainless steel, with a pointed tip and sharp, curved edges. Scalpels are commonly used in surgical procedures, such as making incisions, excising tissue, and removing organs. They are also used in autopsy procedures, dissections, and some types of artistic and crafting work that require precision cutting.;Precision;3
Scissors;Please concisely describe the most common physical attributes of scissors and their typical uses.;Scissors typically have two blades made of metal connected by a pivot, with handles on either end for holding and applying force. They are commonly used for cutting various materials such as paper, fabric, and hair. The blades can be straight or curved for specific cutting purposes. Some scissors have serrated edges for cutting through tough materials. The size and weight of scissors can vary depending on their intended use.;Precision;3
Screw;Please concisely describe the most common physical attributes of a screw and its typical uses.;A screw is a threaded fastener with a head, shank, and threads along its length. The threads allow the screw to be twisted into a material, providing a secure connection. The head may be slotted, Phillips, or another shape and can be tightened with a driver. Screws are commonly used in constructions as well as in machinery and appliances.;Precision;2
Screwdriver;Please concisely describe the most common physical attributes of a screwdriver and its typical uses.;A screwdriver typically has a long, narrow, cylindrical metal shaft with a flat or Phillips-shaped tip at the end. The shaft may have a knurled or ridged grip for better handling. Screwdrivers are used for manually tightening or loosening screws, which are small metal or plastic fasteners commonly found in a variety of applications, such as furniture assembly, electronics repair, and construction.;Precision;3
Sheet of paper;Please concisely describe the most common physical attributes of a sheet of paper and its typical uses.;The most common physical attributes of a sheet of paper are its thin and flat structure, made from plant fibers. It is typically white or off-white in colour, and can vary in size and weight. Paper is commonly used for writing, printing, drawing and packaging in various industries and everyday life.;Power;0
Spatula;Please concisely describe the most common physical attributes of a spatula and its typical uses.;A spatula typically has a flat, wide and thin blade made of metal or silicone with a long handle. It is commonly used for flipping or turning food while cooking, serving food, and scraping bowls or pans to get all the leftover bits.;Power;0
Sponge;Please concisely describe the most common physical attributes of a sponge and its typical uses.;Sponges are aquatic animals that have a porous body with numerous pores and canals. They are soft, flexible, and typically have a cylindrical or flattened shape. Sponges are commonly used for cleaning and absorbing liquids due to their ability to hold a lot of water. They also have medical applications, such as in wound dressings and as a source of natural antibiotics.;Precision;2
Spoon;Please concisely describe the most common physical attributes of a spoon and its typical uses.;A spoon is a small, concave utensil made of metal, plastic, wood or ceramic, with a handle on the end opposite the bowl. It is used for scooping and transferring liquid or solid food from a container to a mouth or another container. The bowl is often oval-shaped and can be shallow or deep, and the handle is typically thin and straight. Spoons come in various sizes and shapes for different purposes, such as a teaspoon for stirring and a soup spoon for sipping.;Precision;3
Strawberry;Please concisely describe the most common physical attributes of a strawberry and its typical uses.;A strawberry is a small, red, juicy fruit with a sweet and slightly tart taste. It is typically heart-shaped and covered in small seeds on its exterior. Strawberries are commonly used in desserts, jams, sauces, and smoothies.;Precision;2
Syringe;Please concisely describe the most common physical attributes of a syringe and its typical uses.;A syringe typically consists of a cylindrical body with a plunger that moves back and forth inside, allowing the user to draw in or inject a liquid through a small, hollow needle attached to the end. Syringes are commonly used for administering medication or vaccines, drawing blood for testing, or injecting fluids or air into a body cavity. They come in a variety of sizes and materials, with different gauge and length needles to suit specific purposes.;Precision;3
Tennis ball;Please concisely describe the most common physical attributes of a tennis ball and its typical uses.;A tennis ball is typically spherical with a diameter of approximately 6.7cm and is made of a rubbery core covered by a fuzzy, yellow felt. It is used in the sport of tennis as the object of play, intended to be hit back and forth between players across a net.;Precision;2
Thermometer;Please concisely describe the most common physical attributes of a thermometer and its typical uses.;A thermometer typically consists of a glass or plastic tube with a bulb at one end containing mercury or alcohol. It also has a scale with markings indicating temperature degrees, and a means of indicating the current temperature. They are commonly used to measure the temperature of a person's body, food, water, and in scientific experiments.;Precision;3
Toothbrush;Please concisely describe the most common physical attributes of a toothbrush and its typical uses.;A toothbrush is a handheld tool with a handle and bristles that are commonly made of nylon. The bristles are fixed in clusters to the head of the toothbrush. The bristles may be of different lengths, depending on the intended use. The toothbrush is used for cleaning teeth, removing bacteria, and massaging gums.;Precision;3
Tube;Please concisely describe the most common physical attributes of a tube and its typical uses.;A tube is a cylindrical object with a hollow space inside. It can be made from materials such as metal, plastic, or glass. Tubes are commonly used for fluid transport, such as in plumbing, medical devices, and laboratory equipment. They can also be used for structural support, as in scaffolding or the framework of bridges and buildings. The most common physical attributes of a tube are its length, outer diameter, and inner diameter.;Precision;3
Tweezers;Please concisely describe the most common physical attributes of tweezers and their typical uses.;Tweezers are typically made of metal and have two pointed ends to grasp and manipulate small objects. They come in various sizes and shapes, with straight or angled tips, and may have a textured or coated surface for better grip. They are commonly used for grooming and beauty applications, as well as for precision work in electronics, jewelry making, and crafting.;Precision;3
Vase;Please concisely describe the most common physical attributes of a vase and its typical uses.;A vase is typically a container made of glass, ceramic, or metal with a narrow neck and wide base. It is used to display flowers, decorative branches, or other plants. The most common physical attributes of a vase are its shape, size, and material, which determine its overall aesthetic appeal and level of practicality. Vases can range in size from small bud vases to large floor-standing vessels, and can be decorated with patterns, colors, or textures to suit a variety of interior design styles.;Power;1
Wallet;Please concisely describe the most common physical attributes of a wallet and its typical uses.;A wallet is a small, flat item typically made of leather or plastic that is used to hold money, credit cards, identification, and other small items. It usually has compartments for organizing contents, a folding or snap closure, and a size that fits comfortably in a pocket or purse. Its primary use is to conveniently store and carry essential items for daily transactions.;Power;0
Walnut;Please concisely describe the most common physical attributes of a walnut and its typical uses.;Walnuts are oval-shaped nuts with a hard, brown shell and a wrinkled, light-colored nutmeat inside. They are typically used in baking, confectionery, and as a snack. Walnuts are a good source of protein, fiber, and healthy fats, and are often used in cooking as a garnish or ingredient in dishes.;Precision;2
Whisk;Please concisely describe the most common physical attributes of a whisk and its typical uses.;A whisk typically consists of a handle and wire loops, which are tightly spaced and curved to form a bulbous shape. It is usually made of metal or silicone material and is designed to mix ingredients thoroughly and incorporate air into batters and sauces. It is commonly used for beating eggs, whipping cream, and blending pancake and cake batter, among other culinary tasks.;Precision;3
Wine bottle;Please concisely describe the most common physical attributes of a wine bottle and its typical uses.;The most common physical attributes of a wine bottle are its narrow neck and base, sloping shoulders, and a capacity of 750 milliliters. It is typically made of glass, may have a cork or screw top closure, and bears a label indicating the wine's origin, vintage, and grape variety. Wine bottles are used to store and transport wine for sale and consumption.;Power;1
Wine glas;Please concisely describe the most common physical attributes of a wine glas and its typical uses.;The most common physical attributes of a wine glass include a stem, a bowl, and a rim. The stem allows for the glass to be held without warming the wine with body heat, while the bowl provides ample room for swirling and properly aerating the wine. The rim is typically narrow, to help concentrate the wine’s aromas and flavors. Wine glasses are used for serving various types of wine, such as reds, whites, and sparkling wines. They are also used for tastings and sensory evaluations to discern varietal, vintage, and other nuances of wine.;Power;1
