Object;WikiTokensWithTypes;GraspType;Grasp
Acorn;PIVOT acorn CONTEXT nut HARDNESS tough TEXTURE leathery COMPONENT shell SIZE long CONTEXT fruit GEOMETRY oval CONTEXT nut MATERIAL woody COMPONENT cup CONTEXT fruit TEXTURE smooth CONTEXT nut GEOMETRY oval CONTEXT nut CONTEXT fruit CONTEXT nut HARDNESS hard COMPONENT woody CONTEXT nut SIZE small COMPONENT cover GEOMETRY ovoid CONTEXT fruit CONTEXT nut CONTEXT fruit GEOMETRY thick-walled CONTEXT nut COMPONENT woody CONTEXT fruit TEXTURE smooth GEOMETRY oval CONTEXT nut TEXTURE rough COMPONENT base;Precision;2
Apple;PIVOT apple CONTEXT fruit PIVOT Apples PIVOT Apples GEOMETRY round CONTEXT fruit CONTEXT fruit COLOR red COLOR yellow COLOR green COMPONENT skin GEOMETRY round CONTEXT fruit TEXTURE smooth COLOR green COLOR yellow COLOR red COMPONENT skin GEOMETRY rounded COLOR red COLOR yellow COLOR green CONTEXT fruit HARDNESS hard GEOMETRY round CONTEXT fruit COLOR white TEXTURE smooth COLOR green COLOR yellow COLOR red COMPONENT skin COMPONENT seeds GEOMETRY round COLOR red COLOR yellow CONTEXT fruit SIZE small COLOR white COLOR pink GEOMETRY rounded CONTEXT fruit GEOMETRY round CONTEXT fruit GEOMETRY thin COLOR red COLOR green COMPONENT skin TASK cooking CONTEXT fruit;Power;1
Apricot;PIVOT apricot CONTEXT fruit CONTEXT fruit GEOMETRY round CONTEXT fruit TEXTURE fuzzy COMPONENT skin SIZE large COMPONENT seed COLOR white CONTEXT fruit SIZE small HARDNESS soft GEOMETRY round CONTEXT fruit GEOMETRY oval CONTEXT fruit HARDNESS soft CONTEXT fruit COLOR orange-yellow COMPONENT skin SIZE large HARDNESS hard COMPONENT seed COLOR yellow CONTEXT fruit SIZE small COLOR white CONTEXT fruit HARDNESS soft CONTEXT fruit SIZE small;Power;1
Avocado;PIVOT avocado CONTEXT fruit SIZE large SIZE large COMPONENT seed SIZE large COLOR yellowish-green COLOR black CONTEXT fruit CONTEXT fruit COLOR green COLOR blackish COMPONENT skin SIZE large COMPONENT seed GEOMETRY pear-shaped CONTEXT vegetables HARDNESS hard COMPONENT skins SIZE large COMPONENT stones TASK eaten COLOR green CONTEXT fruit CONTEXT fruit COLOR green COLOR black COMPONENT skin SIZE large COMPONENT seed COLOR green TASK eaten SIZE large GEOMETRY pear-shaped CONTEXT fruit COLOR green COLOR blackish COMPONENT skin SIZE large COMPONENT seed HARDNESS soft TASK eaten GEOMETRY oval GEOMETRY pear-shaped CONTEXT fruit TEXTURE leathery COMPONENT skin SIZE large COMPONENT seed CONTEXT fruit GEOMETRY pear-shaped CONTEXT fruit TEXTURE rough TEXTURE leathery COMPONENT skin TEXTURE smooth SIZE large;Power;1
Ballpoint pen;CONTEXT ballpoint PIVOT pen MATERIAL metal COMPONENT ball MATERIAL metal MATERIAL steel MATERIAL brass MATERIAL carbide TASK writing CONTEXT instrument COMPONENT tip MATERIAL metal SIZE small COMPONENT ball TASK writing SIZE small MATERIAL metal COMPONENT ball SIZE small COMPONENT ball TASK write SIZE tiny COMPONENT ball TASK writing;Precision;3
Banana;PIVOT banana GEOMETRY elongated CONTEXT fruit CONTEXT fruit GEOMETRY elongated GEOMETRY curved HARDNESS soft COLOR green COLOR yellow COLOR red COLOR purple COLOR brown PIVOT bananas GEOMETRY elongated GEOMETRY curved CONTEXT fruit TEXTURE smooth COMPONENT skin SIZE large GEOMETRY elongated CONTEXT fruits SIZE long GEOMETRY curved CONTEXT fruit COLOR yellow COMPONENT skins GEOMETRY elongated GEOMETRY tapering CONTEXT fruit HARDNESS soft HARDNESS soft COLOR yellow SIZE long GEOMETRY curved CONTEXT fruit COLOR yellow COMPONENT skin SIZE large GEOMETRY elongated CONTEXT fruit GEOMETRY thick COLOR yellowish COLOR reddish COMPONENT skin SIZE long GEOMETRY curved CONTEXT fruit HARDNESS soft COLOR yellow COMPONENT skin;Power;1
Banknote;PIVOT banknote MATERIAL paper PIVOT banknotes CONTEXT piece MATERIAL paper MATERIAL paper MATERIAL paper MATERIAL paper CONTEXT piece MATERIAL paper;Power;0
Barrette;PIVOT barrette CONTEXT clasp CONTEXT clasp TASK holding MATERIAL metal MATERIAL plastic MATERIAL fabric COMPONENT clasp TASK secure MATERIAL metal COMPONENT clasp TASK gathering TASK holding TASK holding SIZE small MATERIAL metal MATERIAL plastic TASK hold TASK holding CONTEXT clasp TASK holding SIZE small COMPONENT clasp TASK holding;Precision;2
Battery;PIVOT Battery SIZE small CONTEXT container;Precision;2
Bead;PIVOT bead SIZE small MATERIAL stone MATERIAL shell MATERIAL glass MATERIAL plastic MATERIAL wood MATERIAL pearl SIZE small COMPONENT hole TASK threading TASK stringing HARDNESS soft MATERIAL flexible COMPONENT wire MATERIAL clay SIZE small COMPONENT ball SIZE small CONTEXT pieces MATERIAL glass MATERIAL wood MATERIAL plastic TASK prayer SIZE small GEOMETRY round CONTEXT piece MATERIAL plastic MATERIAL glass MATERIAL metal SIZE small GEOMETRY round MATERIAL glass MATERIAL wood MATERIAL stone SIZE small GEOMETRY round CONTEXT piece MATERIAL glass MATERIAL plastic MATERIAL wood TASK stringing TASK threading SIZE small CONTEXT piece MATERIAL glass MATERIAL stone GEOMETRY rounded TASK threading TASK sewing;Precision;2
Beer bottle;CONTEXT beer PIVOT bottle CONTEXT bottle CONTEXT container MATERIAL glass COLOR brown COLOR green COLOR brown COLOR green MATERIAL glass CONTEXT container;Power;1
Billiard ball;CONTEXT billiard PIVOT ball SIZE small HARDNESS hard COMPONENT ball HARDNESS hard PIVOT ball;Precision;2
Book;PIVOT book TASK writing COMPONENT pages MATERIAL papyrus MATERIAL paper COMPONENT leaf CONTEXT sheets MATERIAL paper COMPONENT pages CONTEXT pieces MATERIAL paper MATERIAL paper MATERIAL cardboard MATERIAL paper MATERIAL wood COMPONENT pages MATERIAL paper COMPONENT pages COMPONENT pages;Power;0
Bookmark;PIVOT bookmark GEOMETRY thin CONTEXT tool MATERIAL card MATERIAL leather MATERIAL fabric PIVOT bookmarks MATERIAL paper MATERIAL silver MATERIAL brass MATERIAL silk MATERIAL wood MATERIAL plastic TASK mark CONTEXT piece MATERIAL paper COMPONENT pages TASK mark GEOMETRY narrow CONTEXT piece MATERIAL card MATERIAL leather COMPONENT pages PIVOT book TASK mark MATERIAL leather MATERIAL metal COMPONENT clamp COMPONENT pages TASK mark MATERIAL leather TASK mark;Power;0
Bottle;PIVOT bottle CONTEXT container MATERIAL clay MATERIAL glass MATERIAL plastic MATERIAL aluminium TASK cooking HARDNESS soft COMPONENT cap CONTEXT container MATERIAL glass MATERIAL plastic GEOMETRY tapered COMPONENT neck TASK holding MATERIAL glass MATERIAL plastic CONTEXT vessel GEOMETRY cylindrical COMPONENT handles GEOMETRY narrow COMPONENT neck MATERIAL glass MATERIAL plastic CONTEXT container GEOMETRY round GEOMETRY straight COMPONENT sides GEOMETRY narrow COMPONENT top HARDNESS rigid CONTEXT container MATERIAL glass MATERIAL plastic GEOMETRY narrow COMPONENT neck COMPONENT mouth COMPONENT handle MATERIAL glass MATERIAL plastic CONTEXT container GEOMETRY narrow COMPONENT top COMPONENT neck CONTEXT container TASK holding COMPONENT neck COMPONENT mouth MATERIAL glass MATERIAL plastic GEOMETRY narrow COMPONENT neck COMPONENT handles MATERIAL glass MATERIAL plastic CONTEXT container GEOMETRY narrow COMPONENT neck;Power;1
Bowl;PIVOT bowl GEOMETRY round CONTEXT dish CONTEXT container TASK prepare TASK serve GEOMETRY spherical COMPONENT cap TASK holding PIVOT bowl PIVOT bowl GEOMETRY round GEOMETRY rectangular GEOMETRY hemispherical CONTEXT container TASK hold GEOMETRY round CONTEXT vessel TASK holding GEOMETRY round CONTEXT container GEOMETRY wide COMPONENT uncovered COMPONENT top TASK eating TASK washing TASK cleaning GEOMETRY hemispherical CONTEXT vessel GEOMETRY rounded CONTEXT container GEOMETRY round CONTEXT container TASK eating TASK preparing GEOMETRY round TASK holding GEOMETRY hemispherical CONTEXT vessel TASK holding GEOMETRY round;Power;0
Box;PIVOT box CONTEXT container GEOMETRY flat GEOMETRY rectangular COMPONENT sides SIZE small SIZE large GEOMETRY rectangular CONTEXT container COMPONENT lid GEOMETRY square GEOMETRY rectangular CONTEXT container HARDNESS hard HARDNESS stiff COMPONENT sides HARDNESS rigid GEOMETRY rectangular CONTEXT container CONTEXT container GEOMETRY straight COMPONENT sides GEOMETRY flat COMPONENT base COMPONENT lid CONTEXT container GEOMETRY rectangular MATERIAL wood MATERIAL metal MATERIAL cardboard COMPONENT lid CONTEXT container COMPONENT sides COMPONENT lid TASK hold CONTEXT container GEOMETRY flat COMPONENT base COMPONENT sides GEOMETRY square GEOMETRY rectangular COMPONENT lid;Power;0
Bun;PIVOT bun SIZE small GEOMETRY round COMPONENT top GEOMETRY flat COMPONENT bottom SIZE small SIZE small GEOMETRY rounded SIZE small SIZE small SIZE small GEOMETRY round CONTEXT cake TEXTURE sticky GEOMETRY round GEOMETRY oblong TASK hold SIZE small SIZE small;Precision;2
Candle;PIVOT candle MATERIAL wax HARDNESS solid MATERIAL tallow HARDNESS solid MATERIAL wax MATERIAL tallow MATERIAL wax CONTEXT stick HARDNESS hard MATERIAL wax CONTEXT piece MATERIAL wax MATERIAL tallow CONTEXT stick MATERIAL wax SIZE long GEOMETRY slender CONTEXT piece MATERIAL tallow MATERIAL wax HARDNESS solid GEOMETRY cylindrical MATERIAL tallow MATERIAL wax GEOMETRY cylinder MATERIAL wax MATERIAL tallow;Power;1
Chalice;PIVOT chalice CONTEXT cup TASK hold TASK drinking SIZE large TASK drinking COMPONENT stem COMPONENT base TASK drinking CONTEXT vessel SIZE large COLOR gold MATERIAL silver CONTEXT cup COMPONENT stem TASK hold TASK drinking SIZE large SIZE large COMPONENT cup;Power;1
Chalk;PIVOT Chalk HARDNESS soft COLOR white TEXTURE porous MATERIAL rock HARDNESS soft COLOR white TEXTURE powdery HARDNESS soft COLOR whitish HARDNESS soft COLOR white MATERIAL rock SIZE small TASK writing TASK drawing HARDNESS soft COLOR white COLOR gray COMPONENT shells HARDNESS soft COLOR white MATERIAL stone HARDNESS soft COLOR white TEXTURE powdery HARDNESS soft MATERIAL quartz COLOR white HARDNESS soft;Precision;3
Chess piece;CONTEXT chess PIVOT piece TASK play COLOR white;Precision;2
Chestnut;PIVOT chestnuts GEOMETRY broad COMPONENT leaves SIZE large TEXTURE smooth CONTEXT nut TASK eat GEOMETRY oblong TEXTURE prickly HARDNESS hard COLOR brown CONTEXT nut TASK eaten;Precision;2
Chocolate bar;CONTEXT chocolate PIVOT bar CONTEXT candy HARDNESS solid GEOMETRY flattish GEOMETRY rectangular;Power;0
Cigarette;PIVOT cigarette GEOMETRY narrow GEOMETRY cylinder GEOMETRY thin MATERIAL paper TASK smoking GEOMETRY thin MATERIAL paper TASK smoked MATERIAL paper TASK smoking SIZE small CONTEXT tubes MATERIAL paper GEOMETRY slender MATERIAL paper TASK smoked GEOMETRY narrow MATERIAL paper CONTEXT tube GEOMETRY cylindrical TASK smoking GEOMETRY thin COLOR white MATERIAL paper SIZE small TASK smoking GEOMETRY thin MATERIAL paper GEOMETRY thin GEOMETRY cylinder MATERIAL paper TASK smoking;Precision;3
Clementine;PIVOT clementine CONTEXT fruit COLOR orange COLOR orange COLOR orange TEXTURE smooth TEXTURE glossy SIZE small COLOR orange COLOR orange CONTEXT fruit SIZE small COLOR orange SIZE small CONTEXT fruit CONTEXT fruit SIZE small COLOR orange SIZE small COLOR orange-red COMPONENT skin COLOR orange;Power;1
Coin;PIVOT coin SIZE small GEOMETRY flat GEOMETRY round CONTEXT piece MATERIAL metal MATERIAL plastic SIZE large GEOMETRY flat PIVOT coin GEOMETRY flat MATERIAL metal CONTEXT piece CONTEXT disc SIZE small CONTEXT piece MATERIAL metal GEOMETRY flat GEOMETRY round CONTEXT piece MATERIAL metal MATERIAL paper CONTEXT piece MATERIAL metal SIZE small MATERIAL metal GEOMETRY flat GEOMETRY circular GEOMETRY flat CONTEXT disc MATERIAL metal;Power;0
Comb;PIVOT comb CONTEXT tool COMPONENT shaft TASK pulling CONTEXT implement TASK grooming GEOMETRY flat GEOMETRY narrow TASK arranges GEOMETRY flat CONTEXT piece MATERIAL plastic MATERIAL metal GEOMETRY narrow TASK tidy CONTEXT instrument TASK adjusting TASK cleaning TASK confining TASK pull GEOMETRY thin MATERIAL plastic HARDNESS hard MATERIAL rubber MATERIAL bone MATERIAL wood MATERIAL metal TASK arranging TASK holding GEOMETRY thin MATERIAL plastic TEXTURE smooth TASK arrange TASK fasten CONTEXT implement MATERIAL plastic MATERIAL metal MATERIAL wood GEOMETRY narrow COMPONENT teeth TASK untangling TASK arranging;Power;0
Compact disk;PIVOT digital MATERIAL plastic CONTEXT disc SIZE small TASK play SIZE small SIZE small MATERIAL plastic CONTEXT disc;Power;0
Credit card;CONTEXT credit PIVOT card MATERIAL plastic MATERIAL plastic SIZE small MATERIAL plastic CONTEXT debit PIVOT card MATERIAL plastic SIZE small MATERIAL plastic;Power;0
Cucumber;PIVOT Cucumber GEOMETRY cylindrical CONTEXT fruits PIVOT cucumber PIVOT cucumber PIVOT vine PIVOT gourd GEOMETRY cylindrical COLOR green CONTEXT fruit SIZE long GEOMETRY thin CONTEXT vegetable HARDNESS hard COLOR green COMPONENT skin TASK eaten CONTEXT fruit SIZE long GEOMETRY thin CONTEXT vegetable COLOR green COMPONENT skin TASK eaten GEOMETRY cylindrical CONTEXT fruit COLOR green CONTEXT fruit TASK eaten SIZE long CONTEXT fruit TASK eaten;Power;1
Cup;PIVOT cup CONTEXT container TASK hold TASK pouring TASK drinking TASK drinking TASK pouring MATERIAL glass MATERIAL metal MATERIAL china MATERIAL clay MATERIAL wood MATERIAL stone MATERIAL polystyrene MATERIAL plastic MATERIAL aluminium COMPONENT stem COMPONENT handles PIVOT cups GEOMETRY concave CONTEXT vessel TASK drinking MATERIAL glass COMPONENT handle SIZE small CONTEXT container TASK drinking COMPONENT handle SIZE small GEOMETRY round CONTEXT container TASK drink COMPONENT handles MATERIAL china MATERIAL plastic TASK drinking CONTEXT vessel SIZE small GEOMETRY round CONTEXT container COMPONENT handle SIZE small CONTEXT container MATERIAL china MATERIAL glass MATERIAL metal COMPONENT handle TASK drink SIZE small CONTEXT container GEOMETRY flat COMPONENT bottom COMPONENT handle TASK drinking SIZE small CONTEXT container TASK drinking COMPONENT handle;Power;1
Dice;PIVOT Dice SIZE small PIVOT dice SIZE small GEOMETRY cube SIZE small GEOMETRY cube PIVOT dice SIZE small GEOMETRY block MATERIAL wood MATERIAL plastic TASK roll TASK throw TASK play SIZE small MATERIAL plastic MATERIAL ivory MATERIAL bone MATERIAL wood SIZE small GEOMETRY cube;Precision;2
Donut;CONTEXT piece GEOMETRY toroidal GEOMETRY ellipsoidal SIZE small SIZE small CONTEXT piece SIZE small COMPONENT ball;Power;0
Earring;PIVOT earring CONTEXT piece CONTEXT jewelry CONTEXT piece CONTEXT jewelry TASK fastened TASK attach CONTEXT piece CONTEXT jewellery TASK wear TASK hanging TASK suspended CONTEXT piece;Precision;2
Egg;PIVOT egg CONTEXT vessel GEOMETRY spherical GEOMETRY ellipsoidal GEOMETRY oval GEOMETRY round COMPONENT shell GEOMETRY round GEOMETRY oval GEOMETRY oval GEOMETRY oval GEOMETRY round COMPONENT shell TEXTURE leathery;Precision;2
Envelope;PIVOT envelope GEOMETRY thin GEOMETRY flat GEOMETRY flat MATERIAL paper MATERIAL cardboard SIZE small GEOMETRY flat GEOMETRY flat GEOMETRY rectangular CONTEXT container GEOMETRY thin GEOMETRY rectangular MATERIAL paper GEOMETRY flat MATERIAL paper CONTEXT container GEOMETRY flat TASK write GEOMETRY flat MATERIAL paper CONTEXT container GEOMETRY thin GEOMETRY flat MATERIAL paper CONTEXT container GEOMETRY flat MATERIAL paper CONTEXT container COMPONENT flap;Power;0
Flashlight;PIVOT flashlight COMPONENT reflector SIZE small SIZE small TASK carry SIZE small SIZE small SIZE small;Power;1
Flask;PIVOT Flask CONTEXT vessel MATERIAL metal MATERIAL glass MATERIAL metal MATERIAL iron MATERIAL glass GEOMETRY narrow COMPONENT neck CONTEXT bottle TASK carrying MATERIAL glass GEOMETRY rounded GEOMETRY narrow COMPONENT neck SIZE small CONTEXT container GEOMETRY narrow COMPONENT neck COMPONENT cap GEOMETRY flat GEOMETRY thin CONTEXT container CONTEXT container TASK carrying GEOMETRY round CONTEXT vessel;Power;1
Fork;MATERIAL cutlery MATERIAL metal SIZE long COMPONENT handle COMPONENT head GEOMETRY narrow GEOMETRY curved COMPONENT tines TASK hold TASK cut TASK lift CONTEXT tool SIZE long GEOMETRY straight COMPONENT handle TASK digging TASK lifting TASK throwing TASK serving TASK eating CONTEXT tool TASK eating SIZE long MATERIAL metal CONTEXT implement TASK eating TASK digging MATERIAL metal MATERIAL plastic TASK eating COMPONENT handle CONTEXT instrument TASK holding TASK lifting TASK eating TASK serving CONTEXT implement TASK lifting TASK holding TASK cutting;Precision;3
Fountain pen;CONTEXT fountain PIVOT pen TASK writing CONTEXT instrument MATERIAL metal COMPONENT nib TASK hold TASK writing TASK drawn TASK writing CONTEXT container TASK write;Precision;3
Frisbee;SIZE flying CONTEXT disc CONTEXT disc MATERIAL plastic TASK throwing CONTEXT disc PIVOT disc TASK fly MATERIAL plastic CONTEXT disk PIVOT Frisbee MATERIAL plastic CONTEXT disc MATERIAL plastic TASK tossing GEOMETRY round CONTEXT piece MATERIAL plastic TASK throw MATERIAL plastic GEOMETRY concave CONTEXT disk TASK thrown MATERIAL plastic TASK throw GEOMETRY concave MATERIAL plastic CONTEXT disc TASK skimming;Power;0
Gel pen;CONTEXT gel PIVOT pen GEOMETRY thick TEXTURE slick MATERIAL felt COMPONENT tip TASK writing;Precision;3
Glasses;PIVOT Glasses MATERIAL glass HARDNESS hard MATERIAL plastic COMPONENT lenses COMPONENT nose MATERIAL glass CONTEXT instrument TASK correcting TASK correcting TASK wear PIVOT glasses TASK correcting SIZE large MATERIAL aluminum MATERIAL oxide HARDNESS hard COMPONENT nose;Precision;2
Glue stick;CONTEXT Glue PIVOT sticks HARDNESS solid HARDNESS hard TASK apply TASK holding CONTEXT tube TASK rubbing COMPONENT Stick HARDNESS solid CONTEXT tube CONTEXT tube HARDNESS solid COMPONENT stick;Power;1
Golf ball;CONTEXT golf PIVOT ball COMPONENT ball SIZE small COLOR white COMPONENT ball CONTEXT golf PIVOT ball SIZE small HARDNESS hard COLOR white COMPONENT ball SIZE small HARDNESS hard TEXTURE dimpled PIVOT ball SIZE small COLOR white COMPONENT ball TASK playing COMPONENT nose TASK correct HARDNESS tough COMPONENT cover MATERIAL rubber TASK playing SIZE small HARDNESS hard COMPONENT ball SIZE small HARDNESS hard COMPONENT ball TEXTURE dimpled COLOR white MATERIAL latex;Precision;2
Hairbrush;PIVOT hairbrush COMPONENT handle CONTEXT brush HARDNESS rigid HARDNESS soft TASK smoothing MATERIAL iron GEOMETRY flat COMPONENT brush TASK detangling TASK showering GEOMETRY round TASK styling TASK curling TASK straighten HARDNESS soft TASK brushing TASK tidying TASK detangling TASK groom CONTEXT brush TASK brush TASK arranging TASK smoothing TASK styling TASK smoothing;Power;0
Hammer;PIVOT hammer CONTEXT tool CONTEXT tool COMPONENT head SIZE long COMPONENT handle MATERIAL metal TASK breaking CONTEXT tool WEIGHT heavy COMPONENT head COMPONENT handle TASK pounding COMPONENT cap CONTEXT tool WEIGHT heavy CONTEXT piece MATERIAL metal COMPONENT handle TASK hit MATERIAL wood TASK break CONTEXT tool HARDNESS solid COMPONENT head COMPONENT handle TASK pounding CONTEXT tool TASK hitting TASK forcing COMPONENT handle WEIGHT heavy MATERIAL metal COMPONENT top GEOMETRY flat CONTEXT tool HARDNESS solid COMPONENT head MATERIAL metal COMPONENT handle TASK beating TASK driving CONTEXT tool COMPONENT handle COMPONENT head MATERIAL metal WEIGHT heavy HARDNESS rigid TASK striking TASK pounding CONTEXT tool WEIGHT heavy MATERIAL metal COMPONENT head COMPONENT handle TASK breaking;Power;1
Handfan;PIVOT fan GEOMETRY broad GEOMETRY flat TASK waved GEOMETRY thin MATERIAL paper TASK waved;Power;0
Jar;PIVOT jar HARDNESS rigid GEOMETRY cylindrical GEOMETRY conical CONTEXT container MATERIAL glass MATERIAL ceramic MATERIAL plastic GEOMETRY wide COMPONENT mouth TASK closed COMPONENT lid COMPONENT cap COMPONENT cap COMPONENT cap COMPONENT cap COMPONENT cap MATERIAL plastic CONTEXT container COMPONENT handles TASK holding CONTEXT vessel GEOMETRY cylindrical GEOMETRY wide COMPONENT mouth COMPONENT handles MATERIAL glass CONTEXT container COMPONENT lid MATERIAL glass MATERIAL glass CONTEXT container COMPONENT lid GEOMETRY wide COMPONENT top CONTEXT container GEOMETRY cylindrical MATERIAL glass GEOMETRY cylindrical MATERIAL glass CONTEXT vessel GEOMETRY wide COMPONENT mouth COMPONENT handles GEOMETRY cylindrical CONTEXT container MATERIAL glass MATERIAL pottery COMPONENT lid;Power;1
Jug;PIVOT jug CONTEXT container TASK hold GEOMETRY narrow TASK pour TASK drink COMPONENT handle TASK pouring MATERIAL metal MATERIAL ceramic MATERIAL glass MATERIAL plastic TASK pouring TASK holding HARDNESS soft CONTEXT vessel CONTEXT container GEOMETRY circular SIZE small COMPONENT mouth COMPONENT handle SIZE large GEOMETRY narrow COMPONENT mouth GEOMETRY cylindrical CONTEXT container COMPONENT handle TASK holding TASK pouring SIZE large CONTEXT container MATERIAL glass MATERIAL plastic GEOMETRY narrow COMPONENT mouth COMPONENT handle CONTEXT container TASK pour SIZE large CONTEXT container MATERIAL metal MATERIAL glass COMPONENT handle GEOMETRY narrow COMPONENT neck COMPONENT cap SIZE large GEOMETRY rounded CONTEXT vessel MATERIAL glass MATERIAL metal SIZE small COMPONENT mouth COMPONENT handle COMPONENT cap TASK hold GEOMETRY cylindrical CONTEXT container COMPONENT handle COMPONENT lip TASK holding TASK pouring;Power;1
Key;PIVOT Key PIVOT Key TASK open TASK close MATERIAL metal CONTEXT piece MATERIAL metal TASK open TASK start MATERIAL metal CONTEXT instrument SIZE small CONTEXT piece MATERIAL metal TASK opening TASK locking CONTEXT container SIZE small MATERIAL metal CONTEXT instrument MATERIAL metal CONTEXT implement TASK open TASK close CONTEXT implement TASK opening TASK lock SIZE small CONTEXT piece MATERIAL metal TASK open TASK close;Power;0
Kiwifruit;PIVOT Kiwifruit GEOMETRY oval SIZE large GEOMETRY thin TEXTURE fuzzy COLOR brown COMPONENT skin COLOR green COLOR golden COLOR black CONTEXT fruit HARDNESS soft CONTEXT fruit GEOMETRY oval CONTEXT fruit CONTEXT fruit TEXTURE fuzzy COLOR brown COMPONENT skin COLOR green CONTEXT fruit;Precision;2
Knife;PIVOT knife CONTEXT tool TASK cutting COMPONENT blade COMPONENT handle CONTEXT tools MATERIAL wood MATERIAL stone MATERIAL flint MATERIAL obsidian COMPONENT blades MATERIAL copper MATERIAL bronze MATERIAL iron MATERIAL steel MATERIAL ceramic MATERIAL titanium COMPONENT blades COMPONENT blade CONTEXT tool TASK cutting GEOMETRY flat CONTEXT piece HARDNESS hard MATERIAL steel MATERIAL metal COMPONENT blade COMPONENT handle COMPONENT blade CONTEXT tool TASK cutting CONTEXT instrument COMPONENT blade COMPONENT handle COMPONENT knife CONTEXT tool TASK cutting GEOMETRY flat CONTEXT piece MATERIAL metal COMPONENT handle TASK cutting CONTEXT instrument COMPONENT blade COMPONENT handle COMPONENT blade TASK cutting CONTEXT instrument TASK cutting GEOMETRY thin MATERIAL metal COMPONENT blade COMPONENT handle TASK cutting CONTEXT instrument COMPONENT blade COMPONENT handle TASK cutting COMPONENT blade CONTEXT instrument COMPONENT blade COMPONENT handle TASK cutting;Precision;3
Ladle;PIVOT Ladle SIZE long GEOMETRY curved COMPONENT handle CONTEXT vessel SIZE long COMPONENT handle TASK transfer SIZE large GEOMETRY round SIZE long COMPONENT handle TASK serving TASK dipping TASK conveying SIZE large SIZE long COMPONENT handle TASK serving CONTEXT utensil COMPONENT bowl TASK dipping TASK conveying COMPONENT bowl TASK serving SIZE large COMPONENT bowl TASK serving;Precision;3
Lemon;PIVOT lemon SIZE small COLOR yellowish CONTEXT fruit COLOR yellow GEOMETRY oval CONTEXT fruit COLOR yellow CONTEXT fruit CONTEXT fruit COLOR yellow GEOMETRY oblong CONTEXT fruit HARDNESS hard COLOR yellow COMPONENT skin COLOR yellowish CONTEXT fruit GEOMETRY oval COLOR yellow CONTEXT fruit CONTEXT fruit COLOR yellow GEOMETRY oval CONTEXT fruit GEOMETRY thick COMPONENT skin;Power;1
Lollipop;PIVOT lollipop CONTEXT candy HARDNESS hard CONTEXT candy COMPONENT stick TASK sucking TASK licking CONTEXT piece COMPONENT stick SIZE small HARDNESS hard CONTEXT disc COMPONENT stick CONTEXT piece HARDNESS hard CONTEXT candy COMPONENT stick HARDNESS hard COMPONENT stick CONTEXT piece HARDNESS hard CONTEXT candy SIZE small COMPONENT stick TASK held CONTEXT piece HARDNESS hard CONTEXT candy SIZE small COMPONENT stick SIZE large GEOMETRY flat GEOMETRY rounded COMPONENT stick;Precision;3
Marble;PIVOT Marble MATERIAL rock MATERIAL Marble MATERIAL Marble MATERIAL limestone HARDNESS hard MATERIAL rock HARDNESS hard MATERIAL rock MATERIAL marble MATERIAL limestone HARDNESS hard TEXTURE smooth MATERIAL stone COLOR white MATERIAL rock MATERIAL limestone CONTEXT piece MATERIAL rock MATERIAL rock HARDNESS hard MATERIAL limestone COLOR white;Precision;2
Marker Pen;CONTEXT marker PIVOT pen TASK marking CONTEXT pen COMPONENT tip TEXTURE porous MATERIAL felt GEOMETRY thick COMPONENT tip MATERIAL felt GEOMETRY thick COMPONENT tip MATERIAL felt;Precision;3
Mobile phone;CONTEXT mobile PIVOT phone CONTEXT mobile PIVOT phone CONTEXT mobile PIVOT phones CONTEXT Mobile PIVOT phones PIVOT phones CONTEXT mobile PIVOT phones CONTEXT mobile PIVOT phone TASK carry SIZE small PIVOT phone TASK carry PIVOT phone CONTEXT wireless PIVOT telephone SIZE large;Power;0
Mousepad;PIVOT mousepad TASK placing SIZE small GEOMETRY thin GEOMETRY flat COMPONENT pad MATERIAL rubber GEOMETRY flat SIZE small MATERIAL rubber CONTEXT sheet GEOMETRY flat COMPONENT pad MATERIAL foam MATERIAL rubber HARDNESS rigid;Power;0
Mug;PIVOT mug CONTEXT cup TASK drinking COMPONENT handles TASK hold CONTEXT container SIZE large COMPONENT handle TASK held SIZE large COMPONENT cup GEOMETRY straight COMPONENT sides COMPONENT handle TASK hot GEOMETRY cylindrical TASK drinking GEOMETRY straight COMPONENT sides TASK drinking GEOMETRY cylindrical COMPONENT handle WEIGHT heavy WEIGHT heavy GEOMETRY cylindrical TASK drinking COMPONENT handle SIZE large COMPONENT cup GEOMETRY cylindrical COMPONENT handle;Power;1
Newspaper;PIVOT newspaper COLOR black COLOR white COLOR gray MATERIAL paper SIZE large CONTEXT sheets MATERIAL paper MATERIAL paper SIZE large MATERIAL paper PIVOT newspapers PIVOT newspapers PIVOT newspaper MATERIAL paper;Power;0
Notepad;CONTEXT pad MATERIAL paper CONTEXT pad MATERIAL paper CONTEXT pad MATERIAL paper TASK writing TASK writing COMPONENT pages TASK writing MATERIAL paper COMPONENT pages TASK writing;Power;0
Onion;PIVOT onion CONTEXT vegetable GEOMETRY round CONTEXT vegetable COLOR brown COMPONENT skin GEOMETRY round CONTEXT vegetable GEOMETRY thin COMPONENT skin GEOMETRY rounded GEOMETRY tight GEOMETRY concentric COMPONENT leaf GEOMETRY concentric;Power;1
Paintbrush;PIVOT paintbrush CONTEXT brush TASK apply COMPONENT bristles COMPONENT handle TASK painting TASK decorating GEOMETRY thin TASK applying TASK apply TASK painting TASK applying TASK putting TASK applying TASK applying TASK applying;Precision;3
Pan;PIVOT Pan TASK cooking CONTEXT utensil GEOMETRY wide MATERIAL metal CONTEXT vessel COMPONENT pan GEOMETRY round MATERIAL metal CONTEXT container SIZE long COMPONENT handle TASK cooking GEOMETRY broad CONTEXT container TASK cooking GEOMETRY round MATERIAL metal CONTEXT container TASK cooking COMPONENT handle COMPONENT lid GEOMETRY tall COMPONENT sides COMPONENT pan COMPONENT sides GEOMETRY broad CONTEXT container MATERIAL metal GEOMETRY wide CONTEXT container MATERIAL metal COMPONENT lid TASK holding MATERIAL metal CONTEXT container TASK cooking;Power;0
Peach;PIVOT peach COLOR pink COLOR flowers CONTEXT fruit HARDNESS soft GEOMETRY round CONTEXT fruit COLOR yellow COLOR pinky-orange COMPONENT skin GEOMETRY lanceolate COLOR pink CONTEXT fruit HARDNESS hard COLOR white COLOR yellow GEOMETRY thin TEXTURE fuzzy COMPONENT skin CONTEXT fruit COMPONENT skin COLOR yellow SIZE large HARDNESS hard COMPONENT seed CONTEXT fruit SIZE small COLOR pink CONTEXT fruit HARDNESS soft CONTEXT fruit COLOR yellow COLOR white TEXTURE downy COLOR reddish-yellow COMPONENT skin COMPONENT seed GEOMETRY round CONTEXT fruit COLOR yellow TEXTURE downy COMPONENT skin;Power;1
Pear;PIVOT Pears CONTEXT fruits CONTEXT fruit CONTEXT fruit GEOMETRY elongated COMPONENT stem CONTEXT fruit CONTEXT fruit GEOMETRY narrow COMPONENT stalk GEOMETRY wider GEOMETRY rounded GEOMETRY thin COLOR green COLOR yellow COMPONENT skin CONTEXT fruit COLOR pale COLOR green COLOR brownish COMPONENT skin GEOMETRY oblong GEOMETRY broad COMPONENT base GEOMETRY narrow COMPONENT stem CONTEXT fruit COMPONENT stem COLOR yellow COLOR green COLOR brown COMPONENT skin CONTEXT fruit GEOMETRY rounded GEOMETRY elongated COMPONENT stem TEXTURE glossy COLOR white CONTEXT fruit COLOR yellowish CONTEXT fruit GEOMETRY narrow COMPONENT stalk GEOMETRY wider COMPONENT base;Power;1
Pencil;PIVOT pencil TASK writing TASK drawing CONTEXT implement HARDNESS solid GEOMETRY thin GEOMETRY cylindrical TASK writing CONTEXT implement MATERIAL wood TASK write TASK draw GEOMETRY thin CONTEXT piece MATERIAL wood COLOR black TASK write TASK draw SIZE long GEOMETRY thin MATERIAL wood TASK writing TASK drawing MATERIAL paper GEOMETRY slender CONTEXT tube MATERIAL wood MATERIAL metal MATERIAL plastic HARDNESS solid TASK writing TASK drawing GEOMETRY narrow GEOMETRY cylindrical CONTEXT implement TASK writing TASK drawing TASK marking GEOMETRY thin MATERIAL graphite MATERIAL wax MATERIAL wood TASK held CONTEXT instrument TASK writing TASK drawing GEOMETRY thin COMPONENT stick MATERIAL graphite SIZE long GEOMETRY thin CONTEXT piece MATERIAL wood GEOMETRY cylindrical;Precision;3
Pill;PIVOT Pill PIVOT Pill SIZE small GEOMETRY round GEOMETRY cylindrical TASK swallowing SIZE small HARDNESS solid GEOMETRY round SIZE small GEOMETRY rounded SIZE small CONTEXT piece HARDNESS solid SIZE small GEOMETRY globular GEOMETRY rounded HARDNESS hard TASK swallowed SIZE small COMPONENT pellet SIZE small GEOMETRY round HARDNESS solid TASK swallowing;Precision;2
Pliers;PIVOT Pliers CONTEXT tool TASK hold COMPONENT handle MATERIAL metal TASK bending MATERIAL metal COMPONENT handles SIZE small CONTEXT tool TASK bending CONTEXT tool COMPONENT Pliers CONTEXT tool COMPONENT handles HARDNESS hard GEOMETRY flat MATERIAL metal TASK holding TASK pulling TASK bending TASK cutting SIZE small TASK holding TASK bending TASK cutting MATERIAL metal CONTEXT tool TASK holding TASK bending TASK cutting TASK gripping CONTEXT tool COMPONENT jaws GEOMETRY flat TASK gripping TASK bending;Power;1
Plate;PIVOT Plate GEOMETRY curved GEOMETRY flat MATERIAL rubber PIVOT plate GEOMETRY round GEOMETRY oval GEOMETRY flat CONTEXT dish TASK hold TEXTURE smooth GEOMETRY flat GEOMETRY thin CONTEXT piece GEOMETRY flat GEOMETRY round CONTEXT dish GEOMETRY circular MATERIAL porcelain TEXTURE smooth GEOMETRY flat GEOMETRY thin HARDNESS rigid GEOMETRY flat GEOMETRY circular MATERIAL china;Power;0
Playing card;CONTEXT playing PIVOT card CONTEXT piece WEIGHT heavy MATERIAL paper GEOMETRY thin MATERIAL cardboard MATERIAL paper GEOMETRY thin MATERIAL plastic TASK throwing CONTEXT playing PIVOT card CONTEXT Playing GEOMETRY rectangular TASK play CONTEXT Playing GEOMETRY thin MATERIAL cardboard TASK play GEOMETRY thin GEOMETRY rectangular MATERIAL cardboard MATERIAL plastic TASK playing PIVOT card TASK playing GEOMETRY rectangular PIVOT card TASK play;Power;0
Potato;PIVOT potato CONTEXT vegetable GEOMETRY round CONTEXT vegetables COLOR brown COLOR red COMPONENT skins HARDNESS hard GEOMETRY round CONTEXT vegetable COLOR brown COLOR red COLOR yellow COMPONENT skin COLOR white COLOR yellow;Power;1
Potato chip;CONTEXT potato PIVOT chip GEOMETRY thin CONTEXT slice CONTEXT potato GEOMETRY elongated GEOMETRY thin HARDNESS hard TASK eaten GEOMETRY thin CONTEXT slice COLOR white CONTEXT potato GEOMETRY thin CONTEXT slice GEOMETRY thin CONTEXT slice;Power;0
Quill;PIVOT quill TASK writing CONTEXT tool CONTEXT feather SIZE large TASK writing COMPONENT feather SIZE large COMPONENT feathers;Precision;3
Remote control;PIVOT remote CONTEXT control TASK operate CONTEXT control TASK operate TASK operate CONTEXT piece;Power;0
Rubik's Cube;CONTEXT Rubik PIVOT Cube CONTEXT Rubik GEOMETRY cube PIVOT cube CONTEXT box GEOMETRY cube PIVOT cube MATERIAL plastic GEOMETRY cube;Power;1
Scalpel;PIVOT scalpel SIZE small CONTEXT instrument TASK surgery COMPONENT blades COMPONENT blades MATERIAL plastic COMPONENT handle COMPONENT blade CONTEXT instrument COMPONENT blades SIZE small GEOMETRY straight CONTEXT knife COMPONENT blade TASK surgery TASK dissection GEOMETRY thin GEOMETRY straight CONTEXT knife TASK dissection TASK surgery CONTEXT knife SIZE short GEOMETRY thin COMPONENT blade SIZE small GEOMETRY straight CONTEXT knife TASK surgery SIZE small CONTEXT knife SIZE small GEOMETRY straight CONTEXT knife TASK dissections SIZE small GEOMETRY straight COMPONENT knife GEOMETRY thin COMPONENT blade TASK surgery TASK dissection SIZE small COMPONENT blade;Precision;3
Scissors;PIVOT Scissors TASK shearing CONTEXT tools MATERIAL metal COMPONENT blades COMPONENT handles TASK cutting GEOMETRY thin MATERIAL paper MATERIAL cardboard MATERIAL metal MATERIAL cloth SIZE large TASK cutting TASK cut TASK cutting TASK trimming CONTEXT tool TASK cutting GEOMETRY thin COMPONENT blades COMPONENT blades COMPONENT handles CONTEXT tool COMPONENT blades SIZE small TASK cutting CONTEXT tool COMPONENT blades TASK cutting TASK cutting CONTEXT instrument COMPONENT blades TASK cutting CONTEXT tool TASK cutting COMPONENT blades TASK open TASK cutting CONTEXT instrument COMPONENT blades COMPONENT handle TASK cutting CONTEXT implement COMPONENT blades COMPONENT pin TASK cutting CONTEXT instrument TASK cutting COMPONENT blades COMPONENT handles;Precision;3
Screw;PIVOT screw COMPONENT bolt MATERIAL metal TASK fasten MATERIAL metal MATERIAL wood HARDNESS solid GEOMETRY cylinder GEOMETRY thin CONTEXT piece MATERIAL metal TASK push MATERIAL metal GEOMETRY tapered COMPONENT shank GEOMETRY helical COMPONENT thread COMPONENT head MATERIAL wood GEOMETRY cylindrical GEOMETRY helical GEOMETRY advancing COMPONENT screw GEOMETRY slender MATERIAL metal COMPONENT pin GEOMETRY round COMPONENT head;Precision;2
Screwdriver;PIVOT screwdriver CONTEXT tool TASK driving COMPONENT handle COMPONENT shaft COMPONENT tip COMPONENT handle PIVOT screwdriver CONTEXT tool TASK drill HARDNESS tough MATERIAL steel TASK bending TASK twisting COMPONENT tip COMPONENT tip COMPONENT tip COMPONENT Handles MATERIAL wood MATERIAL metal MATERIAL plastic GEOMETRY hexagonal GEOMETRY square GEOMETRY oval CONTEXT tool TASK rolling COMPONENT handle COMPONENT tips COMPONENT tip CONTEXT tool TASK loosening CONTEXT tool TASK driving COMPONENT tip PIVOT screwdriver CONTEXT tool TASK turning MATERIAL metal COMPONENT rod GEOMETRY flat CONTEXT tool TASK turning CONTEXT tool TASK turning CONTEXT tool TASK turning COMPONENT handle SIZE long GEOMETRY narrow COMPONENT shank MATERIAL metal COMPONENT tip CONTEXT tool TASK turning CONTEXT tool GEOMETRY flattened COMPONENT tip COMPONENT screw;Precision;3
Sheet of paper;CONTEXT piece HARDNESS loose MATERIAL paper COMPONENT pages;Power;0
Spatula;PIVOT spatula GEOMETRY broad GEOMETRY flat MATERIAL flexible COMPONENT blade TASK mix TASK spread TASK lift CONTEXT utensil GEOMETRY flat COMPONENT surface SIZE long COMPONENT handle TASK turning TASK lifting TASK stirring GEOMETRY narrow MATERIAL flexible COMPONENT blade GEOMETRY flat GEOMETRY thin CONTEXT implement TASK spreading TASK mixing TASK lifting CONTEXT tool COMPONENT handle GEOMETRY wide GEOMETRY flat TASK lifting TASK spreading CONTEXT implement GEOMETRY broad GEOMETRY flat MATERIAL flexible COMPONENT blade TASK blending TASK removing TASK cooking TASK spreading SIZE small CONTEXT implement GEOMETRY straight COMPONENT handle GEOMETRY broad MATERIAL flexible COMPONENT blade TASK mix TASK spread CONTEXT implement GEOMETRY broad GEOMETRY flat COMPONENT blade TASK mixing TASK spreading TASK cooking;Power;0
Sponge;PIVOT Sponges GEOMETRY thin TEXTURE porous TEXTURE porous MATERIAL rubber WEIGHT light HARDNESS soft HARDNESS soft CONTEXT piece HARDNESS soft TASK cleaning TASK washing TEXTURE porous SIZE large TEXTURE porous CONTEXT piece MATERIAL plastic TASK cleaning HARDNESS soft TEXTURE porous MATERIAL fibres;Precision;2
Spoon;PIVOT spoon CONTEXT utensil SIZE small COMPONENT bowl COMPONENT head GEOMETRY oval GEOMETRY round COMPONENT handle TASK stir TASK toss MATERIAL metal GEOMETRY flat MATERIAL silver HARDNESS solid MATERIAL wood MATERIAL porcelain MATERIAL plastic GEOMETRY wide CONTEXT implement TASK eating SIZE long COMPONENT handle GEOMETRY straight CONTEXT piece CONTEXT container COMPONENT handle TASK stir TASK serve TASK take TASK eating TASK stirring COMPONENT bowl SIZE long COMPONENT handle TASK eating TASK cooking CONTEXT implement SIZE small COMPONENT bowl SIZE long COMPONENT handle TASK eating TASK preparing TASK eating TASK stirring SIZE small COMPONENT bowl COMPONENT handle SIZE small COMPONENT bowl COMPONENT handle TASK preparing TASK eating CONTEXT implement SIZE small GEOMETRY oval GEOMETRY round COMPONENT bowl SIZE long COMPONENT handle TASK eating TASK stirring;Precision;3
Strawberry;PIVOT strawberry CONTEXT fruit COLOR red SIZE large COLOR red CONTEXT fruit COLOR red CONTEXT fruit SIZE small COLOR red CONTEXT fruit HARDNESS soft SIZE tiny COLOR yellow COMPONENT seeds COMPONENT skin COLOR red CONTEXT fruit SIZE small HARDNESS soft COLOR red CONTEXT fruit SIZE small COMPONENT seeds COMPONENT skin CONTEXT fruit COLOR white CONTEXT fruit COLOR red HARDNESS soft COLOR red CONTEXT fruit;Precision;2
Syringe;PIVOT syringe GEOMETRY cylindrical CONTEXT tube CONTEXT tube CONTEXT tube PIVOT syringe COMPONENT needle TASK injecting TASK drawing CONTEXT instrument TASK inject TASK withdraw SIZE small CONTEXT tube GEOMETRY thin COMPONENT needle TASK putting MATERIAL rubber TASK injection MATERIAL plastic CONTEXT tube TASK taking TASK putting SIZE small MATERIAL glass MATERIAL metal HARDNESS hard MATERIAL rubber CONTEXT tube MATERIAL rubber TASK drawing TASK cleaning TASK injecting CONTEXT instrument TASK inject TASK draw CONTEXT tube COMPONENT piston TASK sucking GEOMETRY thin TASK cleaning COMPONENT needle TASK injecting TASK withdrawing;Precision;3
Tennis ball;CONTEXT tennis PIVOT ball COMPONENT ball CONTEXT Tennis COLOR yellow CONTEXT Tennis PIVOT balls TEXTURE fibrous MATERIAL felt GEOMETRY oval MATERIAL rubber COMPONENT ball COLOR yellow MATERIAL felt MATERIAL rubber COMPONENT ball MATERIAL felt MATERIAL rubber MATERIAL felt COMPONENT ball MATERIAL rubber TEXTURE fuzzy MATERIAL nylon MATERIAL wool;Precision;2
Thermometer;PIVOT thermometer TASK measure TASK measuring CONTEXT instrument TASK measuring PIVOT thermometer CONTEXT instrument TASK measuring GEOMETRY narrow MATERIAL glass CONTEXT tube GEOMETRY thin COMPONENT column TASK measuring MATERIAL glass CONTEXT tube COMPONENT tube CONTEXT instrument TASK measuring MATERIAL glass CONTEXT tube CONTEXT instrument TASK measuring GEOMETRY narrow MATERIAL glass CONTEXT tube CONTEXT tube;Precision;3
Toothbrush;PIVOT toothbrush CONTEXT instrument TASK clean COMPONENT head COMPONENT bristles COMPONENT handle TASK cleaning TASK clean PIVOT toothbrush TASK cleaning SIZE small SIZE long COMPONENT handle TASK clean SIZE small CONTEXT brush TASK cleaning TASK cleaning SIZE small TASK cleaning SIZE small SIZE long COMPONENT handle TASK cleaning TASK cleaning SIZE small SIZE long COMPONENT handle TASK cleaning;Precision;3
Tube;CONTEXT Tube CONTEXT tubes GEOMETRY cylindrical SIZE long COMPONENT hollow GEOMETRY cylindrical TASK hold CONTEXT tube SIZE long GEOMETRY round GEOMETRY cylindrical SIZE long GEOMETRY narrow GEOMETRY cylindrical MATERIAL metal MATERIAL glass MATERIAL rubber CONTEXT tube CONTEXT tube SIZE long MATERIAL metal MATERIAL plastic MATERIAL glass TASK holding;Precision;3
Tweezers;PIVOT Tweezers SIZE small CONTEXT tools TASK picking SIZE small CONTEXT tool TASK grab TASK hold SIZE small CONTEXT instrument MATERIAL metal TASK picking TASK plucking TASK plucking TASK pulling CONTEXT tool TASK holding SIZE small CONTEXT tool TASK picking TASK pulling MATERIAL metal MATERIAL plastic SIZE small MATERIAL metal CONTEXT instruments TASK held TASK plucking TASK holding CONTEXT tool TASK picking TASK removing GEOMETRY narrow MATERIAL metal SIZE small COMPONENT pincers TASK plucking TASK extracting TASK picking SIZE small SIZE Small MATERIAL metal TASK plucking TASK handling SIZE small CONTEXT instrument TASK plucking TASK picking SIZE small;Precision;3
Vase;PIVOT vase CONTEXT container MATERIAL ceramics MATERIAL glass MATERIAL aluminium MATERIAL brass MATERIAL bronze MATERIAL steel MATERIAL wood MATERIAL wood MATERIAL plastic TASK hold TASK holding CONTEXT container MATERIAL glass MATERIAL porcelain TASK hold MATERIAL glass MATERIAL pottery TASK holding GEOMETRY round CONTEXT vessel TASK holding CONTEXT container CONTEXT vessel MATERIAL glass MATERIAL porcelain MATERIAL metal TASK hold CONTEXT container MATERIAL glass MATERIAL porcelain TASK holding CONTEXT container COMPONENT handles MATERIAL glass MATERIAL china;Power;1
Wallet;PIVOT wallet SIZE small GEOMETRY flat CONTEXT pouch TASK carry SIZE small MATERIAL paper MATERIAL leather MATERIAL fabrics SIZE small GEOMETRY flat MATERIAL leather TASK holding SIZE small GEOMETRY flat MATERIAL leather MATERIAL plastic TASK carrying SIZE small GEOMETRY flat SIZE small TASK carry GEOMETRY flat SIZE large TASK hold GEOMETRY flat MATERIAL leather TASK holding GEOMETRY flat TASK holding MATERIAL plastic;Power;0
Walnut;PIVOT walnut CONTEXT nut CONTEXT nut COMPONENT seed HARDNESS hard COMPONENT shell HARDNESS hard GEOMETRY round COMPONENT shell COLOR brown CONTEXT nut CONTEXT nut CONTEXT fruits GEOMETRY rounded TEXTURE sticky HARDNESS hard COMPONENT shell MATERIAL corrugated COMPONENT seed SIZE large HARDNESS hard COMPONENT shell COLOR green CONTEXT fruit;Precision;2
Whisk;PIVOT whisk TASK cooking CONTEXT utensil TASK blend TEXTURE smooth SIZE long GEOMETRY narrow COMPONENT handle COMPONENT wire COMPONENT wires MATERIAL metal MATERIAL plastic MATERIAL bamboo COMPONENT wires TASK whipping CONTEXT tool TASK whisking TASK whipping CONTEXT tool SIZE long COMPONENT wire COMPONENT handle HARDNESS soft CONTEXT utensil TASK whipping;Precision;3
Wine bottle;CONTEXT wine PIVOT bottle CONTEXT bottle MATERIAL glass CONTEXT bottle TASK holding SIZE long COMPONENT neck MATERIAL glass TASK holding MATERIAL glass;Power;1
Wine glass;CONTEXT wine PIVOT glass MATERIAL glass TASK drink COMPONENT bowl COMPONENT stem MATERIAL glass CONTEXT vessel COMPONENT stem MATERIAL glass GEOMETRY narrow COMPONENT stem TASK drinking TASK drinking GEOMETRY thin COMPONENT stem COMPONENT base TASK drinking COMPONENT stem COMPONENT stem COMPONENT foot TASK drinking;Power;1
